base_sample	CHR	POS	End	REF	ALT	Func.refGene	Gene.refGene	ExonicFunc.refGene	AAChange.refGene	cosmic70	gnomad40_genome_AF	FILTER	Depth_dup1	VAF	Depth_dup2	VAF_DUP	AVG_VAF	avg_VAF	numeric_gnomad_AF	variant_count
AEX110_DV03071_AEX110_Plate1_pool07.varscan_C8_AF1e-07_Q15	2	25241671	25241680	TCCACCTGAA	-	exonic	DNMT3A	frameshift deletion	DNMT3A:NM_001320893:exon12:c.1508_1517del:p.I503Tfs*47,DNMT3A:NM_001375819:exon12:c.1295_1304del:p.I432Tfs*47,DNMT3A:NM_153759:exon13:c.1397_1406del:p.I466Tfs*47,DNMT3A:NM_022552:exon17:c.1964_1973del:p.I655Tfs*47,DNMT3A:NM_175629:exon17:c.1964_1973del:p.I655Tfs*47	.	.	PASS	76	0.0395	74	0.027	0.03325	0.03325	NA	1
AEX110_DV13001_AEX110_Plate1_pool65.varscan_C8_AF1e-07_Q15	21	34799383	34799385	AGA	-	exonic	RUNX1	nonframeshift deletion	RUNX1:NM_001001890:exon5:c.802_804del:p.S268del,RUNX1:NM_001754:exon8:c.883_885del:p.S295del	.	3.94e-05	PASS	52	0.3461999999999999	56	0.2857	0.3159499999999999	0.31594999999999995	3.94e-05	1
AEX110_DV06059_AEX110_Plate1_pool27.varscan_C8_AF1e-07_Q15	19	33301849	33301851	GGC	-	exonic	CEBPA	nonframeshift deletion	CEBPA:NM_001285829:exon1:c.207_209del:p.P70del,CEBPA:NM_001287424:exon1:c.669_671del:p.P224del,CEBPA:NM_001287435:exon1:c.522_524del:p.P175del,CEBPA:NM_004364:exon1:c.564_566del:p.P189del	.	2.702e-05	PASS	145	0.0207	71	0.0282	0.02445	0.02445	2.702e-05	24
AEX110_DV07087_AEX110_Plate1_pool39.varscan_C8_AF1e-07_Q15	2	25243912	25243912	T	-	exonic	DNMT3A	frameshift deletion	DNMT3A:NM_001320893:exon11:c.1466delA:p.D489Vfs*10,DNMT3A:NM_001375819:exon11:c.1253delA:p.D418Vfs*10,DNMT3A:NM_153759:exon12:c.1355delA:p.D452Vfs*10,DNMT3A:NM_022552:exon16:c.1922delA:p.D641Vfs*10,DNMT3A:NM_175629:exon16:c.1922delA:p.D641Vfs*10	.	.	PASS	40	0.075	43	0.0698	0.0723999999999999	0.07239999999999999	NA	1
AEX109_DV53075_AEX109_Plate2_pool03.varscan_C8_AF1e-07_Q15	4	105235595	105235595	-	CTTGTGC	exonic	TET2	frameshift insertion	TET2:NM_001127208:exon3:c.1653_1654insCTTGTGC:p.P555Cfs*14,TET2:NM_017628:exon3:c.1653_1654insCTTGTGC:p.P555Cfs*14	.	.	PASS	81	0.0247	42	0.0713999999999999	0.0480499999999999	0.04804999999999995	NA	1
AEX109_DV57013_AEX109_Plate2_pool37.varscan_C8_AF1e-07_Q15	19	33301849	33301851	GGC	-	exonic	CEBPA	nonframeshift deletion	CEBPA:NM_001285829:exon1:c.207_209del:p.P70del,CEBPA:NM_001287424:exon1:c.669_671del:p.P224del,CEBPA:NM_001287435:exon1:c.522_524del:p.P175del,CEBPA:NM_004364:exon1:c.564_566del:p.P189del	.	2.702e-05	PASS	87	0.046	99	0.0202	0.0331	0.0331	2.702e-05	24
AEX97_DV15013_AEX97_pool37.varscan_C8_AF1e-07_Q15	2	25243918	25243918	A	-	exonic	DNMT3A	frameshift deletion	DNMT3A:NM_001320893:exon11:c.1460delT:p.L487Pfs*12,DNMT3A:NM_001375819:exon11:c.1247delT:p.L416Pfs*12,DNMT3A:NM_153759:exon12:c.1349delT:p.L450Pfs*12,DNMT3A:NM_022552:exon16:c.1916delT:p.L639Pfs*12,DNMT3A:NM_175629:exon16:c.1916delT:p.L639Pfs*12	.	.	PASS	30	0.1333	64	0.0469	0.0901	0.0901	NA	1
AEX109_DV58078_AEX109_Plate2_pool46.varscan_C8_AF1e-07_Q15	17	31201457	31201458	TA	-	exonic	NF1	frameshift deletion	NF1:NM_000267:exon11:c.1232_1233del:p.V411Efs*17,NF1:NM_001042492:exon11:c.1232_1233del:p.V411Efs*17,NF1:NM_001128147:exon11:c.1232_1233del:p.V411Efs*17	.	.	PASS	91	0.0659	80	0.05	0.05795	0.05795	NA	1
AEX109_DV61037_AEX109_Plate2_pool69.varscan_C8_AF1e-07_Q15	2	25241665	25241674	TAGCGGTCCA	-	exonic	DNMT3A	frameshift deletion	DNMT3A:NM_001320893:exon12:c.1514_1523del:p.V505Afs*45,DNMT3A:NM_001375819:exon12:c.1301_1310del:p.V434Afs*45,DNMT3A:NM_153759:exon13:c.1403_1412del:p.V468Afs*45,DNMT3A:NM_022552:exon17:c.1970_1979del:p.V657Afs*45,DNMT3A:NM_175629:exon17:c.1970_1979del:p.V657Afs*45	.	.	PASS	184	0.0272	266	0.0263	0.02675	0.02675	NA	1
AEX110_DV12022_AEX110_Plate1_pool62.varscan_C8_AF1e-07_Q15	19	33301849	33301851	GGC	-	exonic	CEBPA	nonframeshift deletion	CEBPA:NM_001285829:exon1:c.207_209del:p.P70del,CEBPA:NM_001287424:exon1:c.669_671del:p.P224del,CEBPA:NM_001287435:exon1:c.522_524del:p.P175del,CEBPA:NM_004364:exon1:c.564_566del:p.P189del	.	2.702e-05	PASS	43	0.0698	38	0.0526	0.0612	0.061200000000000004	2.702e-05	24
AEX110_DV12022_AEX110_Plate1_pool62.varscan_C8_AF1e-07_Q15	20	32434638	32434638	-	G	exonic	ASXL1	frameshift insertion	ASXL1:NM_001363734:exon11:c.1744dupG:p.G585Wfs*12,ASXL1:NM_015338:exon12:c.1927dupG:p.G646Wfs*12	ID=COSM1411076;OCCURENCE=1(large_intestine)	0.0006	PASS	272	0.0989	126	0.1110999999999999	0.105	0.10499999999999995	0.0006	23
AEX108_DV28017_AEX108_Plate1_pool89.varscan_C8_AF1e-07_Q15	20	32434483	32434483	-	A	exonic	ASXL1	stopgain	ASXL1:NM_001363734:exon11:c.1589dupA:p.Y530*,ASXL1:NM_015338:exon12:c.1772dupA:p.Y591*	.	3.286e-05	PASS	250	0.092	72	0.1944	0.1432	0.1432	3.286e-05	1
AEX109_DV55054_AEX109_Plate2_pool22.varscan_C8_AF1e-07_Q15	4	105237147	105237147	-	C	exonic	TET2	frameshift insertion	TET2:NM_001127208:exon3:c.3206dupC:p.T1070Hfs*6,TET2:NM_017628:exon3:c.3206dupC:p.T1070Hfs*6	.	.	PASS	553	0.0416	538	0.0446	0.0431	0.0431	NA	1
AEX108_DV25052_AEX108_Plate1_pool68.varscan_C8_AF1e-07_Q15	2	25241633	25241633	T	-	exonic	DNMT3A	frameshift deletion	DNMT3A:NM_001320893:exon12:c.1555delA:p.T519Rfs*34,DNMT3A:NM_001375819:exon12:c.1342delA:p.T448Rfs*34,DNMT3A:NM_153759:exon13:c.1444delA:p.T482Rfs*34,DNMT3A:NM_022552:exon17:c.2011delA:p.T671Rfs*34,DNMT3A:NM_175629:exon17:c.2011delA:p.T671Rfs*34	.	.	PASS	119	0.1848999999999999	220	0.1455	0.1652	0.16519999999999996	NA	1
AEX108_DV25052_AEX108_Plate1_pool68.varscan_C8_AF1e-07_Q15	4	105243753	105243753	A	-	exonic	TET2	frameshift deletion	TET2:NM_001127208:exon6:c.3778delA:p.N1260Ifs*6	ID=COSM43429;OCCURENCE=1(haematopoietic_and_lymphoid_tissue)	.	PASS	72	0.2221999999999999	71	0.2254	0.2238	0.22379999999999994	NA	1
AEX109_DV53029_AEX109_Plate2_pool05.varscan_C8_AF1e-07_Q15	2	25235774	25235774	-	GC	exonic	DNMT3A	frameshift insertion	DNMT3A:NM_001320893:exon17:c.2073_2074insGC:p.K692Afs*10,DNMT3A:NM_001375819:exon17:c.1860_1861insGC:p.K621Afs*10,DNMT3A:NM_153759:exon18:c.1962_1963insGC:p.K655Afs*10,DNMT3A:NM_022552:exon22:c.2529_2530insGC:p.K844Afs*10,DNMT3A:NM_175629:exon22:c.2529_2530insGC:p.K844Afs*10	.	.	PASS	480	0.0667	519	0.0443	0.0554999999999999	0.055499999999999994	NA	1
AEX110_DV05064_AEX110_Plate1_pool24.varscan_C8_AF1e-07_Q15	X	155071542	155071550	GGTGCAGGC	-	exonic	BRCC3	nonframeshift deletion	BRCC3:NM_001018055:exon1:c.15_23del:p.Q10_V12del,BRCC3:NM_001242640:exon1:c.15_23del:p.Q10_V12del,BRCC3:NM_024332:exon1:c.15_23del:p.Q10_V12del	.	0.0003	PASS	31	0.871	23	0.8261	0.8485499999999999	0.8485499999999999	0.0003	2
AEX109_DV57022_AEX109_Plate2_pool38.varscan_C8_AF1e-07_Q15	13	32770750	32770750	A	-	exonic	PDS5B	frameshift deletion	PDS5B:NM_015032:exon33:c.4161delA:p.N1390Mfs*4	ID=COSM253057;OCCURENCE=2(oesophagus),1(ovary),1(large_intestine)	0	PASS	97	0.0515	55	0.0364	0.04395	0.04395	0.0	1
AEX109_DV56009_AEX109_Plate2_pool25.varscan_C8_AF1e-07_Q15	13	32651984	32651987	TACA	-	exonic	PDS5B	frameshift deletion	PDS5B:NM_015032:exon3:c.289_292del:p.Y97Hfs*6	.	.	PASS	234	0.0299	111	0.027	0.02845	0.02845	NA	1
AEX109_DV56009_AEX109_Plate2_pool25.varscan_C8_AF1e-07_Q15	13	32651991	32651991	C	-	exonic	PDS5B	frameshift deletion	PDS5B:NM_015032:exon3:c.296delC:p.P100Lfs*4	.	.	PASS	234	0.0299	111	0.027	0.02845	0.02845	NA	1
AEX109_DV56009_AEX109_Plate2_pool25.varscan_C8_AF1e-07_Q15	17	60663320	60663320	C	-	exonic	PPM1D	frameshift deletion	PPM1D:NM_003620:exon6:c.1586delC:p.P530Lfs*9	.	.	PASS	270	0.2251	243	0.2346	0.22985	0.22985	NA	1
AEX110_DV05066_AEX110_Plate1_pool18.varscan_C8_AF1e-07_Q15	2	25246648	25246648	A	-	exonic	DNMT3A	frameshift deletion	DNMT3A:NM_001320893:exon5:c.795delT:p.G266Afs*233,DNMT3A:NM_001375819:exon5:c.582delT:p.G195Afs*233,DNMT3A:NM_153759:exon6:c.684delT:p.G229Afs*233,DNMT3A:NM_022552:exon10:c.1251delT:p.G418Afs*233,DNMT3A:NM_175629:exon10:c.1251delT:p.G418Afs*233	.	.	PASS	26	0.2692	23	0.3043	0.28675	0.28675	NA	1
AEX108_DV26007_AEX108_Plate1_pool79.varscan_C8_AF1e-07_Q15	20	32434638	32434638	-	G	exonic	ASXL1	frameshift insertion	ASXL1:NM_001363734:exon11:c.1744dupG:p.G585Wfs*12,ASXL1:NM_015338:exon12:c.1927dupG:p.G646Wfs*12	ID=COSM1411076;OCCURENCE=1(large_intestine)	0.0006	PASS	86	0.0233	77	0.039	0.03115	0.03115	0.0006	23
AEX110_DV12064_AEX110_Plate1_pool64.varscan_C8_AF1e-07_Q15	19	33301849	33301851	GGC	-	exonic	CEBPA	nonframeshift deletion	CEBPA:NM_001285829:exon1:c.207_209del:p.P70del,CEBPA:NM_001287424:exon1:c.669_671del:p.P224del,CEBPA:NM_001287435:exon1:c.522_524del:p.P175del,CEBPA:NM_004364:exon1:c.564_566del:p.P189del	.	2.702e-05	PASS	97	0.0308999999999999	55	0.0364	0.03365	0.03364999999999995	2.702e-05	24
AEX110_DV06027_AEX110_Plate1_pool27.varscan_C8_AF1e-07_Q15	4	105236227	105236227	-	C	exonic	TET2	frameshift insertion	TET2:NM_001127208:exon3:c.2286dupC:p.Q764Pfs*5,TET2:NM_017628:exon3:c.2286dupC:p.Q764Pfs*5	.	1.314e-05	PASS	137	0.0584	58	0.0516999999999999	0.05505	0.055049999999999946	1.314e-05	2
AEX110_DV06034_AEX110_Plate1_pool26.varscan_C8_AF1e-07_Q15	19	33301849	33301851	GGC	-	exonic	CEBPA	nonframeshift deletion	CEBPA:NM_001285829:exon1:c.207_209del:p.P70del,CEBPA:NM_001287424:exon1:c.669_671del:p.P224del,CEBPA:NM_001287435:exon1:c.522_524del:p.P175del,CEBPA:NM_004364:exon1:c.564_566del:p.P189del	.	2.702e-05	PASS	97	0.0308999999999999	64	0.0312	0.03105	0.03104999999999995	2.702e-05	24
AEX109_DV54031_AEX109_Plate2_pool15.varscan_C8_AF1e-07_Q15	2	25241626	25241629	CCCA	-	exonic	DNMT3A	frameshift deletion	DNMT3A:NM_001320893:exon12:c.1559_1562del:p.V520Afs*32,DNMT3A:NM_001375819:exon12:c.1346_1349del:p.V449Afs*32,DNMT3A:NM_153759:exon13:c.1448_1451del:p.V483Afs*32,DNMT3A:NM_022552:exon17:c.2015_2018del:p.V672Afs*32,DNMT3A:NM_175629:exon17:c.2015_2018del:p.V672Afs*32	.	.	PASS	151	0.1788	368	0.25	0.2143999999999999	0.21439999999999998	NA	1
AEX108_DV23079_AEX108_Plate1_pool55.varscan_C8_AF1e-07_Q15	20	32434639	32434640	GG	-	exonic	ASXL1	frameshift deletion	ASXL1:NM_001363734:exon11:c.1744_1745del:p.G584Wfs*12,ASXL1:NM_015338:exon12:c.1927_1928del:p.G645Wfs*12	.	6.639e-06	PASS	151	0.1391	115	0.1043	0.1217	0.1217	6.639e-06	1
AEX110_DV06089_AEX110_Plate1_pool25.varscan_C8_AF1e-07_Q15	20	32434638	32434638	-	G	exonic	ASXL1	frameshift insertion	ASXL1:NM_001363734:exon11:c.1744dupG:p.G585Wfs*12,ASXL1:NM_015338:exon12:c.1927dupG:p.G646Wfs*12	ID=COSM1411076;OCCURENCE=1(large_intestine)	0.0006	PASS	201	0.0398	123	0.0487999999999999	0.0443	0.04429999999999995	0.0006	23
AEX109_DV57091_AEX109_Plate2_pool35.varscan_C8_AF1e-07_Q15	20	32434638	32434638	-	G	exonic	ASXL1	frameshift insertion	ASXL1:NM_001363734:exon11:c.1744dupG:p.G585Wfs*12,ASXL1:NM_015338:exon12:c.1927dupG:p.G646Wfs*12	ID=COSM1411076;OCCURENCE=1(large_intestine)	0.0006	PASS	39	0.0513	90	0.0778	0.06455	0.06455	0.0006	23
AEX108_DV25092_AEX108_Plate1_pool68.varscan_C8_AF1e-07_Q15	2	25240693	25240693	C	-	exonic	DNMT3A	frameshift deletion	DNMT3A:NM_001320893:exon13:c.1664delG:p.G555Afs*72,DNMT3A:NM_001375819:exon13:c.1451delG:p.G484Afs*72,DNMT3A:NM_153759:exon14:c.1553delG:p.G518Afs*72,DNMT3A:NM_022552:exon18:c.2120delG:p.G707Afs*72,DNMT3A:NM_175629:exon18:c.2120delG:p.G707Afs*72	ID=COSM133715;OCCURENCE=1(haematopoietic_and_lymphoid_tissue)	0	PASS	304	0.0789	118	0.0593	0.0691	0.0691	0.0	1
AEX109_DV54025_AEX109_Plate2_pool09.varscan_C8_AF1e-07_Q15	20	32434638	32434638	-	G	exonic	ASXL1	frameshift insertion	ASXL1:NM_001363734:exon11:c.1744dupG:p.G585Wfs*12,ASXL1:NM_015338:exon12:c.1927dupG:p.G646Wfs*12	ID=COSM1411076;OCCURENCE=1(large_intestine)	0.0006	PASS	312	0.0993999999999999	231	0.1039	0.1016499999999999	0.10164999999999996	0.0006	23
AEX108_DV18013_AEX108_Plate1_pool13.varscan_C8_AF1e-07_Q15	2	25245290	25245290	T	-	exonic	DNMT3A	frameshift deletion	DNMT3A:NM_001320893:exon8:c.1061delA:p.H354Pfs*145,DNMT3A:NM_001375819:exon8:c.848delA:p.H283Pfs*145,DNMT3A:NM_153759:exon9:c.950delA:p.H317Pfs*145,DNMT3A:NM_022552:exon13:c.1517delA:p.H506Pfs*145,DNMT3A:NM_175629:exon13:c.1517delA:p.H506Pfs*145	.	.	PASS	276	0.0289999999999999	74	0.0541	0.04155	0.04154999999999995	NA	1
AEX108_DV18013_AEX108_Plate1_pool13.varscan_C8_AF1e-07_Q15	2	25248200	25248200	T	-	exonic	DNMT3A	frameshift deletion	DNMT3A:NM_001320893:exon2:c.236delA:p.Q79Rfs*85,DNMT3A:NM_001375819:exon2:c.23delA:p.Q8Rfs*85,DNMT3A:NM_153759:exon3:c.125delA:p.Q42Rfs*85,DNMT3A:NM_022552:exon7:c.692delA:p.Q231Rfs*85,DNMT3A:NM_175629:exon7:c.692delA:p.Q231Rfs*85	.	.	PASS	398	0.1106	70	0.0713999999999999	0.091	0.09099999999999994	NA	1
AEX110_DV07096_AEX110_Plate1_pool40.varscan_C8_AF1e-07_Q15	20	32434633	32434640	ATCGGAGG	-	exonic	ASXL1	frameshift deletion	ASXL1:NM_001363734:exon11:c.1738_1745del:p.I580Gfs*14,ASXL1:NM_015338:exon12:c.1921_1928del:p.I641Gfs*14	.	.	PASS	104	0.0481	85	0.0706	0.05935	0.05935	NA	1
AEX109_DV41021_AEX109_Plate1_pool05.varscan_C8_AF1e-07_Q15	2	25235739	25235739	T	-	exonic	DNMT3A	frameshift deletion	DNMT3A:NM_001320893:exon17:c.2109delA:p.E704Rfs*25,DNMT3A:NM_001375819:exon17:c.1896delA:p.E633Rfs*25,DNMT3A:NM_153759:exon18:c.1998delA:p.E667Rfs*25,DNMT3A:NM_022552:exon22:c.2565delA:p.E856Rfs*25,DNMT3A:NM_175629:exon22:c.2565delA:p.E856Rfs*25	.	.	PASS	168	0.1012	126	0.127	0.1141	0.11410000000000001	NA	2
AEX109_DV41021_AEX109_Plate1_pool05.varscan_C8_AF1e-07_Q15	20	32435134	32435134	C	-	exonic	ASXL1	frameshift deletion	ASXL1:NM_001363734:exon11:c.2239delC:p.P747Lfs*10,ASXL1:NM_015338:exon12:c.2422delC:p.P808Lfs*10	ID=COSM3719553,COSM3719552;OCCURENCE=1(haematopoietic_and_lymphoid_tissue)	0	PASS	98	0.0306	57	0.0351	0.03285	0.03285	0.0	1
AEX97_DV15007_AEX97_pool39.varscan_C8_AF1e-07_Q15	20	32434467	32434467	-	A	exonic	ASXL1	frameshift insertion	ASXL1:NM_001363734:exon11:c.1573dupA:p.G526Rfs*32,ASXL1:NM_015338:exon12:c.1756dupA:p.G587Rfs*32	.	.	PASS	121	0.0744	112	0.0268	0.0506	0.0506	NA	1
AEX109_DV61055_AEX109_Plate2_pool71.varscan_C8_AF1e-07_Q15	20	32434600	32434622	CACCACTGCCATAGAGAGGCGGC	-	exonic	ASXL1	frameshift deletion	ASXL1:NM_001363734:exon11:c.1705_1727del:p.E574Rfs*15,ASXL1:NM_015338:exon12:c.1888_1910del:p.E635Rfs*15	ID=COSM3720455,COSM51200;OCCURENCE=7(haematopoietic_and_lymphoid_tissue)	0.0001	PASS	152	0.0329	95	0.0526	0.0427499999999999	0.042749999999999996	0.0001	1
AEX110_DV03007_AEX110_Plate1_pool07.varscan_C8_AF1e-07_Q15	2	25246306	25246306	T	-	exonic	DNMT3A	frameshift deletion	DNMT3A:NM_001320893:exon6:c.827delA:p.E276Gfs*223,DNMT3A:NM_001375819:exon6:c.614delA:p.E205Gfs*223,DNMT3A:NM_153759:exon7:c.716delA:p.E239Gfs*223,DNMT3A:NM_022552:exon11:c.1283delA:p.E428Gfs*223,DNMT3A:NM_175629:exon11:c.1283delA:p.E428Gfs*223	.	.	PASS	101	0.2475	124	0.2742	0.26085	0.26085	NA	1
AEX110_DV12078_AEX110_Plate1_pool62.varscan_C8_AF1e-07_Q15	19	33301849	33301851	GGC	-	exonic	CEBPA	nonframeshift deletion	CEBPA:NM_001285829:exon1:c.207_209del:p.P70del,CEBPA:NM_001287424:exon1:c.669_671del:p.P224del,CEBPA:NM_001287435:exon1:c.522_524del:p.P175del,CEBPA:NM_004364:exon1:c.564_566del:p.P189del	.	2.702e-05	PASS	147	0.0204	134	0.0224	0.0214	0.021400000000000002	2.702e-05	24
AEX108_DV21010_AEX108_Plate1_pool34.varscan_C8_AF1e-07_Q15	2	25246293	25246296	GTAG	-	exonic	DNMT3A	frameshift deletion	DNMT3A:NM_001320893:exon6:c.837_840del:p.Y280Kfs*218,DNMT3A:NM_001375819:exon6:c.624_627del:p.Y209Kfs*218,DNMT3A:NM_153759:exon7:c.726_729del:p.Y243Kfs*218,DNMT3A:NM_022552:exon11:c.1293_1296del:p.Y432Kfs*218,DNMT3A:NM_175629:exon11:c.1293_1296del:p.Y432Kfs*218	.	.	PASS	146	0.3356	162	0.321	0.3283	0.32830000000000004	NA	1
AEX109_DV60094_AEX109_Plate2_pool62.varscan_C8_AF1e-07_Q15	X	130015249	130015249	-	CCAGG	exonic	BCORL1	frameshift insertion	BCORL1:NM_001379450:exon4:c.2477_2478insCCAGG:p.V828Afs*27,BCORL1:NM_001379451:exon4:c.2477_2478insCCAGG:p.V828Afs*27,BCORL1:NM_021946:exon4:c.2477_2478insCCAGG:p.V828Afs*27,BCORL1:NM_001184772:exon5:c.2477_2478insCCAGG:p.V828Afs*27	.	.	PASS	117	0.0598	85	0.0235	0.04165	0.04165	NA	1
AEX109_DV56032_AEX109_Plate2_pool32.varscan_C8_AF1e-07_Q15	2	25243914	25243915	AA	-	exonic	DNMT3A	stopgain	DNMT3A:NM_001320893:exon11:c.1463_1464del:p.F488*,DNMT3A:NM_001375819:exon11:c.1250_1251del:p.F417*,DNMT3A:NM_153759:exon12:c.1352_1353del:p.F451*,DNMT3A:NM_022552:exon16:c.1919_1920del:p.F640*,DNMT3A:NM_175629:exon16:c.1919_1920del:p.F640*	.	.	PASS	36	0.1389	60	0.05	0.09445	0.09445	NA	1
AEX109_DV58009_AEX109_Plate2_pool41.varscan_C8_AF1e-07_Q15	20	32434638	32434638	-	G	exonic	ASXL1	frameshift insertion	ASXL1:NM_001363734:exon11:c.1744dupG:p.G585Wfs*12,ASXL1:NM_015338:exon12:c.1927dupG:p.G646Wfs*12	ID=COSM1411076;OCCURENCE=1(large_intestine)	0.0006	PASS	517	0.0329	291	0.0515	0.0422	0.0422	0.0006	23
AEX97_DV15058_AEX97_pool34.varscan_C8_AF1e-07_Q15	4	105275299	105275303	TTCTA	-	exonic	TET2	frameshift deletion	TET2:NM_001127208:exon11:c.4789_4793del:p.Y1598Hfs*14	.	.	PASS	78	0.0641	99	0.0504999999999999	0.0573	0.05729999999999995	NA	1
AEX109_DV61059_AEX109_Plate2_pool67.varscan_C8_AF1e-07_Q15	2	25248094	25248094	C	-	exonic	DNMT3A	frameshift deletion	DNMT3A:NM_001320893:exon2:c.342delG:p.S115Pfs*49,DNMT3A:NM_001375819:exon2:c.129delG:p.S44Pfs*49,DNMT3A:NM_153759:exon3:c.231delG:p.S78Pfs*49,DNMT3A:NM_022552:exon7:c.798delG:p.S267Pfs*49,DNMT3A:NM_175629:exon7:c.798delG:p.S267Pfs*49	.	.	PASS	437	0.0526	132	0.0833	0.06795	0.06795	NA	1
AEX109_DV61059_AEX109_Plate2_pool67.varscan_C8_AF1e-07_Q15	4	105275568	105275568	C	-	exonic	TET2	frameshift deletion	TET2:NM_001127208:exon11:c.5058delC:p.Q1687Rfs*8	.	.	PASS	101	0.0791999999999999	23	0.087	0.0831	0.08309999999999995	NA	1
AEX109_DV53011_AEX109_Plate2_pool03.varscan_C8_AF1e-07_Q15	20	32434638	32434638	-	G	exonic	ASXL1	frameshift insertion	ASXL1:NM_001363734:exon11:c.1744dupG:p.G585Wfs*12,ASXL1:NM_015338:exon12:c.1927dupG:p.G646Wfs*12	ID=COSM1411076;OCCURENCE=1(large_intestine)	0.0006	PASS	156	0.0769	105	0.1333	0.1051	0.1051	0.0006	23
AEX110_DV63032_AEX110_Plate2_pool08.varscan_C8_AF1e-07_Q15	20	32434638	32434638	-	G	exonic	ASXL1	frameshift insertion	ASXL1:NM_001363734:exon11:c.1744dupG:p.G585Wfs*12,ASXL1:NM_015338:exon12:c.1927dupG:p.G646Wfs*12	ID=COSM1411076;OCCURENCE=1(large_intestine)	0.0006	PASS	86	0.0233	89	0.0225	0.0229	0.0229	0.0006	23
AEX109_DV62040_AEX109_Plate2_pool80.varscan_C8_AF1e-07_Q15	19	33301849	33301851	GGC	-	exonic	CEBPA	nonframeshift deletion	CEBPA:NM_001285829:exon1:c.207_209del:p.P70del,CEBPA:NM_001287424:exon1:c.669_671del:p.P224del,CEBPA:NM_001287435:exon1:c.522_524del:p.P175del,CEBPA:NM_004364:exon1:c.564_566del:p.P189del	.	2.702e-05	PASS	20	0.3	41	0.2195	0.25975	0.25975	2.702e-05	24
AEX109_DV53084_AEX109_Plate2_pool04.varscan_C8_AF1e-07_Q15	2	25245300	25245300	-	A	exonic	DNMT3A	frameshift insertion	DNMT3A:NM_001320893:exon8:c.1050dupT:p.T351Yfs*43,DNMT3A:NM_001375819:exon8:c.837dupT:p.T280Yfs*43,DNMT3A:NM_153759:exon9:c.939dupT:p.T314Yfs*43,DNMT3A:NM_022552:exon13:c.1506dupT:p.T503Yfs*43,DNMT3A:NM_175629:exon13:c.1506dupT:p.T503Yfs*43	.	.	PASS	244	0.0246	102	0.0294	0.027	0.027	NA	2
AEX110_DV63053_AEX110_Plate2_pool05.varscan_C8_AF1e-07_Q15	4	105275524	105275524	C	-	exonic	TET2	frameshift deletion	TET2:NM_001127208:exon11:c.5014delC:p.L1672Yfs*23	.	.	PASS	57	0.0351	94	0.0426	0.0388499999999999	0.038849999999999996	NA	1
AEX108_DV27074_AEX108_Plate1_pool82.varscan_C8_AF1e-07_Q15	20	32434638	32434638	-	G	exonic	ASXL1	frameshift insertion	ASXL1:NM_001363734:exon11:c.1744dupG:p.G585Wfs*12,ASXL1:NM_015338:exon12:c.1927dupG:p.G646Wfs*12	ID=COSM1411076;OCCURENCE=1(large_intestine)	0.0006	PASS	134	0.1939999999999999	88	0.2386	0.2163	0.21629999999999994	0.0006	23
AEX109_DV62078_AEX109_Plate2_pool78.varscan_C8_AF1e-07_Q15	4	105237298	105237298	-	A	exonic	TET2	frameshift insertion	TET2:NM_001127208:exon3:c.3357dupA:p.L1120Ifs*10,TET2:NM_017628:exon3:c.3357dupA:p.L1120Ifs*10	.	.	PASS	400	0.0325	268	0.0224	0.02745	0.027450000000000002	NA	1
AEX110_DV06050_AEX110_Plate1_pool26.varscan_C8_AF1e-07_Q15	19	33301849	33301851	GGC	-	exonic	CEBPA	nonframeshift deletion	CEBPA:NM_001285829:exon1:c.207_209del:p.P70del,CEBPA:NM_001287424:exon1:c.669_671del:p.P224del,CEBPA:NM_001287435:exon1:c.522_524del:p.P175del,CEBPA:NM_004364:exon1:c.564_566del:p.P189del	.	2.702e-05	PASS	122	0.0327999999999999	90	0.0222	0.0274999999999999	0.027499999999999948	2.702e-05	24
AEX108_DV25061_AEX108_Plate1_pool69.varscan_C8_AF1e-07_Q15	20	32434638	32434638	-	G	exonic	ASXL1	frameshift insertion	ASXL1:NM_001363734:exon11:c.1744dupG:p.G585Wfs*12,ASXL1:NM_015338:exon12:c.1927dupG:p.G646Wfs*12	ID=COSM1411076;OCCURENCE=1(large_intestine)	0.0006	PASS	82	0.0243999999999999	66	0.0302999999999999	0.02735	0.027349999999999902	0.0006	23
AEX110_DV08073_AEX110_Plate1_pool41.varscan_C8_AF1e-07_Q15	20	32434836	32434836	G	-	exonic	ASXL1	frameshift deletion	ASXL1:NM_001363734:exon11:c.1941delG:p.A648Pfs*16,ASXL1:NM_015338:exon12:c.2124delG:p.A709Pfs*16	.	.	PASS	193	0.3005	196	0.3315999999999999	0.3160499999999999	0.31604999999999994	NA	1
AEX110_DV06084_AEX110_Plate1_pool28.varscan_C8_AF1e-07_Q15	19	33301849	33301851	GGC	-	exonic	CEBPA	nonframeshift deletion	CEBPA:NM_001285829:exon1:c.207_209del:p.P70del,CEBPA:NM_001287424:exon1:c.669_671del:p.P224del,CEBPA:NM_001287435:exon1:c.522_524del:p.P175del,CEBPA:NM_004364:exon1:c.564_566del:p.P189del	.	2.702e-05	PASS	166	0.0241	106	0.0283	0.0262	0.0262	2.702e-05	24
AEX109_DV57083_AEX109_Plate2_pool35.varscan_C8_AF1e-07_Q15	X	15803783	15803785	AAG	-	exonic	ZRSR2	nonframeshift deletion	ZRSR2:NM_005089:exon4:c.299_301del:p.E102del	.	7.281e-05	PASS	374	0.4118	152	0.4013	0.40655	0.40654999999999997	7.281e-05	1
AEX109_DV55055_AEX109_Plate2_pool23.varscan_C8_AF1e-07_Q15	X	155071542	155071550	GGTGCAGGC	-	exonic	BRCC3	nonframeshift deletion	BRCC3:NM_001018055:exon1:c.15_23del:p.Q10_V12del,BRCC3:NM_001242640:exon1:c.15_23del:p.Q10_V12del,BRCC3:NM_024332:exon1:c.15_23del:p.Q10_V12del	.	0.0003	PASS	48	0.6042000000000001	66	0.5455	0.5748500000000001	0.5748500000000001	0.0003	2
AEX110_DV05065_AEX110_Plate1_pool17.varscan_C8_AF1e-07_Q15	4	105234310	105234310	-	T	exonic	TET2	stopgain	TET2:NM_001127208:exon3:c.369dupT:p.N124*,TET2:NM_017628:exon3:c.369dupT:p.N124*	.	.	PASS	85	0.0353	80	0.025	0.03015	0.03015	NA	2
AEX110_DV05068_AEX110_Plate1_pool20.varscan_C8_AF1e-07_Q15	20	32434638	32434638	-	G	exonic	ASXL1	frameshift insertion	ASXL1:NM_001363734:exon11:c.1744dupG:p.G585Wfs*12,ASXL1:NM_015338:exon12:c.1927dupG:p.G646Wfs*12	ID=COSM1411076;OCCURENCE=1(large_intestine)	0.0006	PASS	149	0.047	101	0.0395999999999999	0.0433	0.04329999999999995	0.0006	23
AEX109_DV59003_AEX109_Plate2_pool51.varscan_C8_AF1e-07_Q15	4	105235901	105235901	C	-	exonic	TET2	frameshift deletion	TET2:NM_001127208:exon3:c.1959delC:p.Q654Kfs*46,TET2:NM_017628:exon3:c.1959delC:p.Q654Kfs*46	.	6.574e-06	PASS	234	0.0342	158	0.0443	0.03925	0.03925	6.574e-06	1
AEX109_DV56044_AEX109_Plate2_pool28.varscan_C8_AF1e-07_Q15	4	105235186	105235186	T	-	exonic	TET2	frameshift deletion	TET2:NM_001127208:exon3:c.1244delT:p.P416Lfs*11,TET2:NM_017628:exon3:c.1244delT:p.P416Lfs*11	.	.	PASS	85	0.0471	105	0.0286	0.03785	0.03785	NA	1
AEX109_DV56044_AEX109_Plate2_pool28.varscan_C8_AF1e-07_Q15	4	105236587	105236587	G	-	exonic	TET2	frameshift deletion	TET2:NM_001127208:exon3:c.2645delG:p.C882Sfs*39,TET2:NM_017628:exon3:c.2645delG:p.C882Sfs*39	.	.	PASS	68	0.0588	134	0.0896	0.0742	0.0742	NA	1
AEX97_DV16031_AEX97_pool47.varscan_C8_AF1e-07_Q15	4	105243705	105243706	CT	-	exonic	TET2	frameshift deletion	TET2:NM_001127208:exon6:c.3730_3731del:p.Y1245Lfs*22	ID=COSM3719516;OCCURENCE=1(haematopoietic_and_lymphoid_tissue)	0	PASS	297	0.0337	182	0.0275	0.0306	0.030600000000000002	0.0	1
AEX97_DV15031_AEX97_pool39.varscan_C8_AF1e-07_Q15	19	33301849	33301851	GGC	-	exonic	CEBPA	nonframeshift deletion	CEBPA:NM_001285829:exon1:c.207_209del:p.P70del,CEBPA:NM_001287424:exon1:c.669_671del:p.P224del,CEBPA:NM_001287435:exon1:c.522_524del:p.P175del,CEBPA:NM_004364:exon1:c.564_566del:p.P189del	.	2.702e-05	PASS	36	0.0833	41	0.0487999999999999	0.06605	0.06604999999999994	2.702e-05	24
AEX108_DV20046_AEX108_Plate1_pool30.varscan_C8_AF1e-07_Q15	17	60663165	60663165	T	-	exonic	PPM1D	frameshift deletion	PPM1D:NM_003620:exon6:c.1431delT:p.C478Afs*5	.	.	PASS	177	0.0226	58	0.0516999999999999	0.0371499999999999	0.03714999999999995	NA	1
AEX109_DV54056_AEX109_Plate2_pool16.varscan_C8_AF1e-07_Q15	2	25245299	25245299	-	T	exonic	DNMT3A	frameshift insertion	DNMT3A:NM_001320893:exon8:c.1051dupA:p.T351Nfs*43,DNMT3A:NM_001375819:exon8:c.838dupA:p.T280Nfs*43,DNMT3A:NM_153759:exon9:c.940dupA:p.T314Nfs*43,DNMT3A:NM_022552:exon13:c.1507dupA:p.T503Nfs*43,DNMT3A:NM_175629:exon13:c.1507dupA:p.T503Nfs*43	.	.	PASS	101	0.0693	131	0.0458	0.05755	0.057550000000000004	NA	1
AEX110_DV11091_AEX110_Plate1_pool51.varscan_C8_AF1e-07_Q15	2	25240322	25240322	C	-	exonic	DNMT3A	frameshift deletion	DNMT3A:NM_001320893:exon14:c.1846delG:p.D616Tfs*11,DNMT3A:NM_001375819:exon14:c.1633delG:p.D545Tfs*11,DNMT3A:NM_153759:exon15:c.1735delG:p.D579Tfs*11,DNMT3A:NM_022552:exon19:c.2302delG:p.D768Tfs*11,DNMT3A:NM_175629:exon19:c.2302delG:p.D768Tfs*11	ID=COSM1583113;OCCURENCE=1(haematopoietic_and_lymphoid_tissue)	.	PASS	39	0.1282	51	0.1373	0.13275	0.13275	NA	1
AEX109_DV60051_AEX109_Plate2_pool59.varscan_C8_AF1e-07_Q15	20	32435035	32435035	T	-	exonic	ASXL1	stopgain	ASXL1:NM_001363734:exon11:c.2140delT:p.L714*,ASXL1:NM_015338:exon12:c.2323delT:p.L775*	.	0	PASS	129	0.2171	153	0.1765	0.1968	0.19679999999999997	0.0	1
AEX110_DV13011_AEX110_Plate1_pool67.varscan_C8_AF1e-07_Q15	4	105235164	105235164	C	-	exonic	TET2	frameshift deletion	TET2:NM_001127208:exon3:c.1222delC:p.P409Lfs*18,TET2:NM_017628:exon3:c.1222delC:p.P409Lfs*18	.	.	PASS	46	0.0652	64	0.0312	0.0482	0.04819999999999999	NA	1
AEX109_DV41094_AEX109_Plate1_pool06.varscan_C8_AF1e-07_Q15	2	25235737	25235737	T	-	exonic	DNMT3A	frameshift deletion	DNMT3A:NM_001320893:exon17:c.2111delA:p.E704Gfs*25,DNMT3A:NM_001375819:exon17:c.1898delA:p.E633Gfs*25,DNMT3A:NM_153759:exon18:c.2000delA:p.E667Gfs*25,DNMT3A:NM_022552:exon22:c.2567delA:p.E856Gfs*25,DNMT3A:NM_175629:exon22:c.2567delA:p.E856Gfs*25	.	.	PASS	190	0.0210999999999999	198	0.0302999999999999	0.0256999999999999	0.0256999999999999	NA	1
AEX109_DV46084_AEX109_Plate1_pool44.varscan_C8_AF1e-07_Q15	2	25244605	25244605	-	T	exonic	DNMT3A	frameshift insertion	DNMT3A:NM_001320893:exon9:c.1145dupA:p.S383Vfs*11,DNMT3A:NM_001375819:exon9:c.932dupA:p.S312Vfs*11,DNMT3A:NM_153759:exon10:c.1034dupA:p.S346Vfs*11,DNMT3A:NM_022552:exon14:c.1601dupA:p.S535Vfs*11,DNMT3A:NM_175629:exon14:c.1601dupA:p.S535Vfs*11	.	.	PASS	79	0.038	64	0.0469	0.04245	0.04245	NA	1
AEX108_DV33002_AEX108_Plate2_pool34.varscan_C8_AF1e-07_Q15	20	32434639	32434639	G	-	exonic	ASXL1	frameshift deletion	ASXL1:NM_001363734:exon11:c.1744delG:p.G584Vfs*58,ASXL1:NM_015338:exon12:c.1927delG:p.G645Vfs*58	ID=COSM1180918;OCCURENCE=2(large_intestine),1(pancreas)	0	PASS	133	0.0226	85	0.0353	0.0289499999999999	0.028949999999999997	0.0	2
AEX109_DV58092_AEX109_Plate2_pool44.varscan_C8_AF1e-07_Q15	2	25248161	25248177	GGGCTGGCCTCCTCCAC	-	exonic	DNMT3A	frameshift deletion	DNMT3A:NM_001320893:exon2:c.259_275del:p.V87Sfs*8,DNMT3A:NM_001375819:exon2:c.46_62del:p.V16Sfs*8,DNMT3A:NM_153759:exon3:c.148_164del:p.V50Sfs*8,DNMT3A:NM_022552:exon7:c.715_731del:p.V239Sfs*8,DNMT3A:NM_175629:exon7:c.715_731del:p.V239Sfs*8	.	.	PASS	165	0.0242	155	0.0516	0.0379	0.0379	NA	1
AEX97_DV16039_AEX97_pool47.varscan_C8_AF1e-07_Q15	19	33301849	33301851	GGC	-	exonic	CEBPA	nonframeshift deletion	CEBPA:NM_001285829:exon1:c.207_209del:p.P70del,CEBPA:NM_001287424:exon1:c.669_671del:p.P224del,CEBPA:NM_001287435:exon1:c.522_524del:p.P175del,CEBPA:NM_004364:exon1:c.564_566del:p.P189del	.	2.702e-05	PASS	49	0.0408	50	0.04	0.0404	0.040400000000000005	2.702e-05	24
AEX108_DV20083_AEX108_Plate1_pool27.varscan_C8_AF1e-07_Q15	20	32434638	32434638	-	G	exonic	ASXL1	frameshift insertion	ASXL1:NM_001363734:exon11:c.1744dupG:p.G585Wfs*12,ASXL1:NM_015338:exon12:c.1927dupG:p.G646Wfs*12	ID=COSM1411076;OCCURENCE=1(large_intestine)	0.0006	PASS	51	0.098	70	0.1143	0.10615	0.10615	0.0006	23
AEX109_DV02073_AEX109_Plate2_pool89.varscan_C8_AF1e-07_Q15	2	25245315	25245316	CA	-	exonic	DNMT3A	frameshift deletion	DNMT3A:NM_001320893:exon8:c.1035_1036del:p.C345Wfs*48,DNMT3A:NM_001375819:exon8:c.822_823del:p.C274Wfs*48,DNMT3A:NM_153759:exon9:c.924_925del:p.C308Wfs*48,DNMT3A:NM_022552:exon13:c.1491_1492del:p.C497Wfs*48,DNMT3A:NM_175629:exon13:c.1491_1492del:p.C497Wfs*48	.	.	PASS	113	0.0619	122	0.0327999999999999	0.04735	0.04734999999999995	NA	1
AEX97_DV16022_AEX97_pool46.varscan_C8_AF1e-07_Q15	4	105243740	105243740	C	-	exonic	TET2	stopgain	TET2:NM_001127208:exon6:c.3765delC:p.Y1255*	.	.	PASS	39	0.1026	51	0.0784	0.0905	0.0905	NA	2
AEX110_DV05092_AEX110_Plate1_pool20.varscan_C8_AF1e-07_Q15	20	32435630	32435634	GTTAC	-	exonic	ASXL1	frameshift deletion	ASXL1:NM_001363734:exon11:c.2735_2739del:p.S912Mfs*7,ASXL1:NM_015338:exon12:c.2918_2922del:p.S973Mfs*7	.	.	PASS	111	0.3153	117	0.2392999999999999	0.2773	0.2773	NA	1
AEX97_DV16034_AEX97_pool42.varscan_C8_AF1e-07_Q15	7	148828797	148828799	CAT	-	exonic	EZH2	nonframeshift deletion	EZH2:NM_152998:exon5:c.449_451del:p.D150del,EZH2:NM_001203247:exon6:c.566_568del:p.D189del,EZH2:NM_001203248:exon6:c.539_541del:p.D180del,EZH2:NM_001203249:exon6:c.539_541del:p.D180del,EZH2:NM_004456:exon6:c.566_568del:p.D189del	.	7.893e-05	PASS	56	0.5179	98	0.4694	0.49365	0.49365000000000003	7.893e-05	1
AEX108_DV28032_AEX108_Plate1_pool96.varscan_C8_AF1e-07_Q15	19	33301849	33301851	GGC	-	exonic	CEBPA	nonframeshift deletion	CEBPA:NM_001285829:exon1:c.207_209del:p.P70del,CEBPA:NM_001287424:exon1:c.669_671del:p.P224del,CEBPA:NM_001287435:exon1:c.522_524del:p.P175del,CEBPA:NM_004364:exon1:c.564_566del:p.P189del	.	2.702e-05	PASS	74	0.0541	68	0.0441	0.0491	0.049100000000000005	2.702e-05	24
AEX110_DV07083_AEX110_Plate1_pool35.varscan_C8_AF1e-07_Q15	X	15803772	15803772	-	A	exonic	ZRSR2	frameshift insertion	ZRSR2:NM_005089:exon4:c.289dupA:p.R99Tfs*46	.	9.079e-06	PASS	36	0.0556	25	0.08	0.0678	0.0678	9.079e-06	1
AEX110_DV07027_AEX110_Plate1_pool35.varscan_C8_AF1e-07_Q15	4	105237327	105237327	G	-	exonic	TET2	frameshift deletion	TET2:NM_001127208:exon3:c.3385delG:p.D1129Ifs*8,TET2:NM_017628:exon3:c.3385delG:p.D1129Ifs*8	.	.	PASS	143	0.1259	223	0.0987	0.1123	0.11230000000000001	NA	1
AEX109_DV60073_AEX109_Plate2_pool57.varscan_C8_AF1e-07_Q15	20	32434638	32434638	-	G	exonic	ASXL1	frameshift insertion	ASXL1:NM_001363734:exon11:c.1744dupG:p.G585Wfs*12,ASXL1:NM_015338:exon12:c.1927dupG:p.G646Wfs*12	ID=COSM1411076;OCCURENCE=1(large_intestine)	0.0006	PASS	320	0.0469	112	0.0356999999999999	0.0413	0.04129999999999995	0.0006	23
AEX108_DV40053_AEX108_Plate2_pool93.varscan_C8_AF1e-07_Q15	17	60663365	60663365	-	C	exonic	PPM1D	frameshift insertion	PPM1D:NM_003620:exon6:c.1632dupC:p.L546Pfs*6	.	.	PASS	116	0.0776	63	0.0794	0.0785	0.0785	NA	2
AEX109_DV02083_AEX109_Plate2_pool91.varscan_C8_AF1e-07_Q15	2	25235739	25235739	T	-	exonic	DNMT3A	frameshift deletion	DNMT3A:NM_001320893:exon17:c.2109delA:p.E704Rfs*25,DNMT3A:NM_001375819:exon17:c.1896delA:p.E633Rfs*25,DNMT3A:NM_153759:exon18:c.1998delA:p.E667Rfs*25,DNMT3A:NM_022552:exon22:c.2565delA:p.E856Rfs*25,DNMT3A:NM_175629:exon22:c.2565delA:p.E856Rfs*25	.	.	PASS	324	0.0432	135	0.0296	0.0364	0.0364	NA	2
AEX97_DV15075_AEX97_pool35.varscan_C8_AF1e-07_Q15	17	60663365	60663365	-	C	exonic	PPM1D	frameshift insertion	PPM1D:NM_003620:exon6:c.1632dupC:p.L546Pfs*6	.	.	PASS	128	0.0312	83	0.0723	0.05175	0.051750000000000004	NA	2
AEX97_DV15075_AEX97_pool35.varscan_C8_AF1e-07_Q15	20	32434638	32434638	-	G	exonic	ASXL1	frameshift insertion	ASXL1:NM_001363734:exon11:c.1744dupG:p.G585Wfs*12,ASXL1:NM_015338:exon12:c.1927dupG:p.G646Wfs*12	ID=COSM1411076;OCCURENCE=1(large_intestine)	0.0006	PASS	95	0.0316	62	0.0323	0.03195	0.031950000000000006	0.0006	23
AEX97_DV16011_AEX97_pool43.varscan_C8_AF1e-07_Q15	4	105272656	105272656	C	-	exonic	TET2	frameshift deletion	TET2:NM_001127208:exon10:c.4275delC:p.D1425Efs*23	.	.	PASS	69	0.1739	65	0.2	0.18695	0.18695	NA	1
AEX109_DV61009_AEX109_Plate2_pool65.varscan_C8_AF1e-07_Q15	17	60663334	60663334	T	-	exonic	PPM1D	frameshift deletion	PPM1D:NM_003620:exon6:c.1600delT:p.F534Lfs*5	.	6.571e-06	PASS	354	0.0762999999999999	348	0.0862	0.0812499999999999	0.08124999999999995	6.571e-06	1
AEX109_DV61009_AEX109_Plate2_pool65.varscan_C8_AF1e-07_Q15	19	33301849	33301851	GGC	-	exonic	CEBPA	nonframeshift deletion	CEBPA:NM_001285829:exon1:c.207_209del:p.P70del,CEBPA:NM_001287424:exon1:c.669_671del:p.P224del,CEBPA:NM_001287435:exon1:c.522_524del:p.P175del,CEBPA:NM_004364:exon1:c.564_566del:p.P189del	.	2.702e-05	PASS	59	0.0339	76	0.0658	0.04985	0.04985	2.702e-05	24
AEX110_DV06052_AEX110_Plate1_pool28.varscan_C8_AF1e-07_Q15	20	32434638	32434638	-	G	exonic	ASXL1	frameshift insertion	ASXL1:NM_001363734:exon11:c.1744dupG:p.G585Wfs*12,ASXL1:NM_015338:exon12:c.1927dupG:p.G646Wfs*12	ID=COSM1411076;OCCURENCE=1(large_intestine)	0.0006	PASS	21	0.0951999999999999	22	0.0909	0.09305	0.09304999999999994	0.0006	23
AEX109_DV57012_AEX109_Plate2_pool36.varscan_C8_AF1e-07_Q15	4	105276222	105276222	-	A	exonic	TET2	frameshift insertion	TET2:NM_001127208:exon11:c.5713dupA:p.S1906Efs*4	.	.	PASS	74	0.027	131	0.0458	0.0364	0.0364	NA	1
AEX109_DV02085_AEX109_Plate2_pool93.varscan_C8_AF1e-07_Q15	19	33301849	33301851	GGC	-	exonic	CEBPA	nonframeshift deletion	CEBPA:NM_001285829:exon1:c.207_209del:p.P70del,CEBPA:NM_001287424:exon1:c.669_671del:p.P224del,CEBPA:NM_001287435:exon1:c.522_524del:p.P175del,CEBPA:NM_004364:exon1:c.564_566del:p.P189del	.	2.702e-05	PASS	165	0.0302999999999999	32	0.0625	0.0464	0.04639999999999995	2.702e-05	24
AEX109_DV01026_AEX109_Plate2_pool82.varscan_C8_AF1e-07_Q15	20	32434638	32434638	-	G	exonic	ASXL1	frameshift insertion	ASXL1:NM_001363734:exon11:c.1744dupG:p.G585Wfs*12,ASXL1:NM_015338:exon12:c.1927dupG:p.G646Wfs*12	ID=COSM1411076;OCCURENCE=1(large_intestine)	0.0006	PASS	56	0.1964	20	0.15	0.1732	0.1732	0.0006	23
AEX109_DV57063_AEX109_Plate2_pool39.varscan_C8_AF1e-07_Q15	19	33301849	33301851	GGC	-	exonic	CEBPA	nonframeshift deletion	CEBPA:NM_001285829:exon1:c.207_209del:p.P70del,CEBPA:NM_001287424:exon1:c.669_671del:p.P224del,CEBPA:NM_001287435:exon1:c.522_524del:p.P175del,CEBPA:NM_004364:exon1:c.564_566del:p.P189del	.	2.702e-05	PASS	88	0.0455	37	0.0541	0.0498	0.0498	2.702e-05	24
AEX109_DV58094_AEX109_Plate2_pool46.varscan_C8_AF1e-07_Q15	4	105234310	105234310	-	T	exonic	TET2	stopgain	TET2:NM_001127208:exon3:c.369dupT:p.N124*,TET2:NM_017628:exon3:c.369dupT:p.N124*	.	.	PASS	182	0.022	278	0.0324	0.0272	0.0272	NA	2
AEX110_DV03083_AEX110_Plate1_pool03.varscan_C8_AF1e-07_Q15	20	32434638	32434638	-	G	exonic	ASXL1	frameshift insertion	ASXL1:NM_001363734:exon11:c.1744dupG:p.G585Wfs*12,ASXL1:NM_015338:exon12:c.1927dupG:p.G646Wfs*12	ID=COSM1411076;OCCURENCE=1(large_intestine)	0.0006	PASS	95	0.0316	89	0.0225	0.02705	0.02705	0.0006	23
AEX108_DV35011_AEX108_Plate2_pool51.varscan_C8_AF1e-07_Q15	17	60663338	60663357	AAAGGACATTAGAAGAGTCC	-	exonic	PPM1D	frameshift deletion	PPM1D:NM_003620:exon6:c.1604_1623del:p.R536Ffs*9	.	.	PASS	36	0.1389	41	0.1463	0.1426	0.1426	NA	1
AEX110_DV13051_AEX110_Plate1_pool67.varscan_C8_AF1e-07_Q15	20	32434639	32434639	G	-	exonic	ASXL1	frameshift deletion	ASXL1:NM_001363734:exon11:c.1744delG:p.G584Vfs*58,ASXL1:NM_015338:exon12:c.1927delG:p.G645Vfs*58	ID=COSM1180918;OCCURENCE=2(large_intestine),1(pancreas)	0	PASS	89	0.0225	79	0.038	0.03025	0.03025	0.0	2
AEX110_DV07009_AEX110_Plate1_pool33.varscan_C8_AF1e-07_Q15	17	60663145	60663145	C	-	exonic	PPM1D	frameshift deletion	PPM1D:NM_003620:exon6:c.1411delC:p.P471Qfs*12	.	.	PASS	207	0.0530999999999999	249	0.0521999999999999	0.0526499999999999	0.0526499999999999	NA	1
AEX97_DV16033_AEX97_pool41.varscan_C8_AF1e-07_Q15	19	33301849	33301851	GGC	-	exonic	CEBPA	nonframeshift deletion	CEBPA:NM_001285829:exon1:c.207_209del:p.P70del,CEBPA:NM_001287424:exon1:c.669_671del:p.P224del,CEBPA:NM_001287435:exon1:c.522_524del:p.P175del,CEBPA:NM_004364:exon1:c.564_566del:p.P189del	.	2.702e-05	PASS	85	0.0471	92	0.0217	0.0344	0.0344	2.702e-05	24
AEX109_DV47013_AEX109_Plate1_pool53.varscan_C8_AF1e-07_Q15	2	25245300	25245300	-	A	exonic	DNMT3A	frameshift insertion	DNMT3A:NM_001320893:exon8:c.1050dupT:p.T351Yfs*43,DNMT3A:NM_001375819:exon8:c.837dupT:p.T280Yfs*43,DNMT3A:NM_153759:exon9:c.939dupT:p.T314Yfs*43,DNMT3A:NM_022552:exon13:c.1506dupT:p.T503Yfs*43,DNMT3A:NM_175629:exon13:c.1506dupT:p.T503Yfs*43	.	.	PASS	54	0.0741	72	0.1110999999999999	0.0925999999999999	0.09259999999999995	NA	2
AEX109_DV47013_AEX109_Plate1_pool53.varscan_C8_AF1e-07_Q15	20	32435606	32435608	GAG	-	exonic	ASXL1	nonframeshift deletion	ASXL1:NM_001363734:exon11:c.2711_2713del:p.G906del,ASXL1:NM_015338:exon12:c.2894_2896del:p.G967del	.	0.0002	PASS	150	0.5133	87	0.3908	0.4520499999999999	0.45204999999999995	0.0002	1
AEX108_DV18021_AEX108_Plate1_pool13.varscan_C8_AF1e-07_Q15	4	105235464	105235464	-	T	exonic	TET2	frameshift insertion	TET2:NM_001127208:exon3:c.1523dupT:p.M508Ifs*8,TET2:NM_017628:exon3:c.1523dupT:p.M508Ifs*8	.	.	PASS	115	0.0435	88	0.0227	0.0331	0.0331	NA	1
AEX108_DV18021_AEX108_Plate1_pool13.varscan_C8_AF1e-07_Q15	4	105259646	105259646	-	CCAGAAACCTGTGGTGC	exonic	TET2	frameshift insertion	TET2:NM_001127208:exon7:c.3831_3832insCCAGAAACCTGTGGTGC:p.S1284Qfs*85	.	.	PASS	93	0.086	90	0.1	0.093	0.093	NA	1
AEX109_DV56012_AEX109_Plate2_pool28.varscan_C8_AF1e-07_Q15	4	105275188	105275188	-	A	exonic	TET2	stopgain	TET2:NM_001127208:exon11:c.4679dupA:p.Y1560*	ID=COSM1716912;OCCURENCE=1(NS)	.	PASS	723	0.0332	476	0.0462	0.0397	0.0397	NA	1
AEX110_DV05044_AEX110_Plate1_pool20.varscan_C8_AF1e-07_Q15	4	105276126	105276126	-	ACTG	exonic	TET2	frameshift insertion	TET2:NM_001127208:exon11:c.5616_5617insACTG:p.I1873Tfs*3	.	.	PASS	53	0.3019	46	0.1957	0.2488	0.24880000000000002	NA	1
AEX97_DV15006_AEX97_pool38.varscan_C8_AF1e-07_Q15	2	25241675	25241677	CCT	-	exonic	DNMT3A	nonframeshift deletion	DNMT3A:NM_001320893:exon12:c.1511_1513del:p.Q504_V505delinsL,DNMT3A:NM_001375819:exon12:c.1298_1300del:p.Q433_V434delinsL,DNMT3A:NM_153759:exon13:c.1400_1402del:p.Q467_V468delinsL,DNMT3A:NM_022552:exon17:c.1967_1969del:p.Q656_V657delinsL,DNMT3A:NM_175629:exon17:c.1967_1969del:p.Q656_V657delinsL	.	.	PASS	136	0.0662	147	0.1156	0.0909	0.0909	NA	1
AEX109_DV02038_AEX109_Plate2_pool94.varscan_C8_AF1e-07_Q15	2	25244224	25244224	-	A	exonic	DNMT3A	frameshift insertion	DNMT3A:NM_001320893:exon10:c.1325dupT:p.L443Afs*17,DNMT3A:NM_001375819:exon10:c.1112dupT:p.L372Afs*17,DNMT3A:NM_153759:exon11:c.1214dupT:p.L406Afs*17,DNMT3A:NM_022552:exon15:c.1781dupT:p.L595Afs*17,DNMT3A:NM_175629:exon15:c.1781dupT:p.L595Afs*17	.	.	PASS	62	0.0323	32	0.0625	0.0474	0.0474	NA	1
AEX108_DV27045_AEX108_Plate1_pool85.varscan_C8_AF1e-07_Q15	2	25247746	25247746	-	GT	exonic	DNMT3A	frameshift insertion	DNMT3A:NM_001320893:exon3:c.402_403insAC:p.G135Tfs*30,DNMT3A:NM_001375819:exon3:c.189_190insAC:p.G64Tfs*30,DNMT3A:NM_153759:exon4:c.291_292insAC:p.G98Tfs*30,DNMT3A:NM_022552:exon8:c.858_859insAC:p.G287Tfs*30,DNMT3A:NM_175629:exon8:c.858_859insAC:p.G287Tfs*30	.	.	PASS	65	0.1231	66	0.0455	0.0843	0.0843	NA	1
AEX109_DV01046_AEX109_Plate2_pool86.varscan_C8_AF1e-07_Q15	2	25244171	25244171	T	-	exonic	DNMT3A	frameshift deletion	DNMT3A:NM_001320893:exon10:c.1379delA:p.N460Tfs*39,DNMT3A:NM_001375819:exon10:c.1166delA:p.N389Tfs*39,DNMT3A:NM_153759:exon11:c.1268delA:p.N423Tfs*39,DNMT3A:NM_022552:exon15:c.1835delA:p.N612Tfs*39,DNMT3A:NM_175629:exon15:c.1835delA:p.N612Tfs*39	.	.	PASS	37	0.0810999999999999	45	0.0444	0.06275	0.06274999999999994	NA	1
AEX109_DV01046_AEX109_Plate2_pool86.varscan_C8_AF1e-07_Q15	4	105272637	105272637	-	TT	exonic	TET2	frameshift insertion	TET2:NM_001127208:exon10:c.4256_4257insTT:p.L1420Ffs*29	.	.	PASS	86	0.1047	129	0.031	0.06785	0.06785	NA	1
AEX109_DV58077_AEX109_Plate2_pool45.varscan_C8_AF1e-07_Q15	2	25245283	25245288	GAGGGG	-	exonic	DNMT3A	nonframeshift deletion	DNMT3A:NM_001320893:exon8:c.1063_1068del:p.P355_L356del,DNMT3A:NM_001375819:exon8:c.850_855del:p.P284_L285del,DNMT3A:NM_153759:exon9:c.952_957del:p.P318_L319del,DNMT3A:NM_022552:exon13:c.1519_1524del:p.P507_L508del,DNMT3A:NM_175629:exon13:c.1519_1524del:p.P507_L508del	.	.	PASS	93	0.0538	66	0.0302999999999999	0.04205	0.04204999999999995	NA	1
AEX110_DV07047_AEX110_Plate1_pool39.varscan_C8_AF1e-07_Q15	4	105275104	105275104	-	AG	exonic	TET2	frameshift insertion	TET2:NM_001127208:exon11:c.4594_4595insAG:p.K1533Rfs*39	.	.	PASS	156	0.3782	74	0.3514	0.3648	0.3648	NA	1
AEX109_DV46068_AEX109_Plate1_pool44.varscan_C8_AF1e-07_Q15	4	105236089	105236089	-	A	exonic	TET2	frameshift insertion	TET2:NM_001127208:exon3:c.2148dupA:p.H717Tfs*6,TET2:NM_017628:exon3:c.2148dupA:p.H717Tfs*6	.	.	PASS	142	0.0634	79	0.038	0.0506999999999999	0.050699999999999995	NA	1
AEX108_DV26052_AEX108_Plate1_pool76.varscan_C8_AF1e-07_Q15	19	33301849	33301851	GGC	-	exonic	CEBPA	nonframeshift deletion	CEBPA:NM_001285829:exon1:c.207_209del:p.P70del,CEBPA:NM_001287424:exon1:c.669_671del:p.P224del,CEBPA:NM_001287435:exon1:c.522_524del:p.P175del,CEBPA:NM_004364:exon1:c.564_566del:p.P189del	.	2.702e-05	PASS	44	0.0455	31	0.0645	0.055	0.055	2.702e-05	24
AEX97_DV09001_AEX97_pool17.varscan_C8_AF1e-07_Q15	4	105237108	105237108	G	-	exonic	TET2	frameshift deletion	TET2:NM_001127208:exon3:c.3166delG:p.V1056Lfs*10,TET2:NM_017628:exon3:c.3166delG:p.V1056Lfs*10	.	.	PASS	47	0.1277	31	0.0968	0.11225	0.11225	NA	1
AEX110_DV13074_AEX110_Plate1_pool66.varscan_C8_AF1e-07_Q15	19	33301849	33301851	GGC	-	exonic	CEBPA	nonframeshift deletion	CEBPA:NM_001285829:exon1:c.207_209del:p.P70del,CEBPA:NM_001287424:exon1:c.669_671del:p.P224del,CEBPA:NM_001287435:exon1:c.522_524del:p.P175del,CEBPA:NM_004364:exon1:c.564_566del:p.P189del	.	2.702e-05	PASS	85	0.0235	50	0.08	0.05175	0.051750000000000004	2.702e-05	24
AEX108_DV40021_AEX108_Plate2_pool93.varscan_C8_AF1e-07_Q15	17	60663248	60663249	AC	-	exonic	PPM1D	frameshift deletion	PPM1D:NM_003620:exon6:c.1514_1515del:p.T506Cfs*21	.	.	PASS	72	0.0278	90	0.0222	0.025	0.025	NA	1
AEX110_DV63027_AEX110_Plate2_pool03.varscan_C8_AF1e-07_Q15	4	105234990	105234990	G	-	exonic	TET2	frameshift deletion	TET2:NM_001127208:exon3:c.1048delG:p.E350Kfs*22,TET2:NM_017628:exon3:c.1048delG:p.E350Kfs*22	.	.	PASS	127	0.0709	168	0.0595	0.0652	0.06520000000000001	NA	1
AEX110_DV63027_AEX110_Plate2_pool03.varscan_C8_AF1e-07_Q15	4	105275200	105275200	G	-	exonic	TET2	frameshift deletion	TET2:NM_001127208:exon11:c.4690delG:p.G1564Dfs*7	.	.	PASS	183	0.0655999999999999	134	0.0746	0.0701	0.07009999999999994	NA	1
AEX109_DV60027_AEX109_Plate2_pool59.varscan_C8_AF1e-07_Q15	2	25240727	25240727	G	-	exonic	DNMT3A	frameshift deletion	DNMT3A:NM_001320893:exon13:c.1630delC:p.Q544Rfs*9,DNMT3A:NM_001375819:exon13:c.1417delC:p.Q473Rfs*9,DNMT3A:NM_153759:exon14:c.1519delC:p.Q507Rfs*9,DNMT3A:NM_022552:exon18:c.2086delC:p.Q696Rfs*9,DNMT3A:NM_175629:exon18:c.2086delC:p.Q696Rfs*9	ID=COSM1583101;OCCURENCE=1(haematopoietic_and_lymphoid_tissue)	0	PASS	71	0.1689999999999999	59	0.1356	0.1523	0.15229999999999994	0.0	1
AEX109_DV62056_AEX109_Plate2_pool80.varscan_C8_AF1e-07_Q15	4	105237078	105237078	-	T	exonic	TET2	frameshift insertion	TET2:NM_001127208:exon3:c.3137dupT:p.T1047Yfs*11,TET2:NM_017628:exon3:c.3137dupT:p.T1047Yfs*11	.	.	PASS	323	0.0248	310	0.0226	0.0237	0.0237	NA	1
AEX109_DV62008_AEX109_Plate2_pool80.varscan_C8_AF1e-07_Q15	2	25241622	25241622	-	A	exonic	DNMT3A	frameshift insertion	DNMT3A:NM_001320893:exon12:c.1565dupT:p.M522Ifs*39,DNMT3A:NM_001375819:exon12:c.1352dupT:p.M451Ifs*39,DNMT3A:NM_153759:exon13:c.1454dupT:p.M485Ifs*39,DNMT3A:NM_022552:exon17:c.2021dupT:p.M674Ifs*39,DNMT3A:NM_175629:exon17:c.2021dupT:p.M674Ifs*39	.	.	PASS	129	0.062	247	0.0607	0.06135	0.06135	NA	1
AEX109_DV57076_AEX109_Plate2_pool36.varscan_C8_AF1e-07_Q15	2	25241588	25241588	C	-	exonic	DNMT3A	frameshift deletion	DNMT3A:NM_001320893:exon12:c.1600delG:p.D534Tfs*19,DNMT3A:NM_001375819:exon12:c.1387delG:p.D463Tfs*19,DNMT3A:NM_153759:exon13:c.1489delG:p.D497Tfs*19,DNMT3A:NM_022552:exon17:c.2056delG:p.D686Tfs*19,DNMT3A:NM_175629:exon17:c.2056delG:p.D686Tfs*19	.	.	PASS	153	0.0327	191	0.0314	0.03205	0.032049999999999995	NA	1
AEX109_DV53073_AEX109_Plate2_pool01.varscan_C8_AF1e-07_Q15	20	32434638	32434638	-	G	exonic	ASXL1	frameshift insertion	ASXL1:NM_001363734:exon11:c.1744dupG:p.G585Wfs*12,ASXL1:NM_015338:exon12:c.1927dupG:p.G646Wfs*12	ID=COSM1411076;OCCURENCE=1(large_intestine)	0.0006	PASS	239	0.4059	160	0.4	0.40295	0.40295000000000003	0.0006	23
AEX109_DV60048_AEX109_Plate2_pool64.varscan_C8_AF1e-07_Q15	19	33301849	33301851	GGC	-	exonic	CEBPA	nonframeshift deletion	CEBPA:NM_001285829:exon1:c.207_209del:p.P70del,CEBPA:NM_001287424:exon1:c.669_671del:p.P224del,CEBPA:NM_001287435:exon1:c.522_524del:p.P175del,CEBPA:NM_004364:exon1:c.564_566del:p.P189del	.	2.702e-05	PASS	32	0.0625	51	0.0392	0.05085	0.05085	2.702e-05	24
AEX109_DV02071_AEX109_Plate2_pool95.varscan_C8_AF1e-07_Q15	2	25240660	25240660	G	-	exonic	DNMT3A	frameshift deletion	DNMT3A:NM_001320893:exon13:c.1697delC:p.P566Lfs*61,DNMT3A:NM_001375819:exon13:c.1484delC:p.P495Lfs*61,DNMT3A:NM_153759:exon14:c.1586delC:p.P529Lfs*61,DNMT3A:NM_022552:exon18:c.2153delC:p.P718Lfs*61,DNMT3A:NM_175629:exon18:c.2153delC:p.P718Lfs*61	.	.	PASS	82	0.0853999999999999	44	0.0909	0.0881499999999999	0.08814999999999995	NA	1
AEX109_DV54089_AEX109_Plate2_pool09.varscan_C8_AF1e-07_Q15	X	155119994	155119998	TGAAG	-	splicing	BRCC3	.	.	.	.	PASS	210	0.0524	230	0.0652	0.0588	0.0588	NA	1
AEX97_DV15014_AEX97_pool38.varscan_C8_AF1e-07_Q15	4	105259626	105259626	-	G	exonic	TET2	frameshift insertion	TET2:NM_001127208:exon7:c.3812dupG:p.C1271Wfs*29	.	2.628e-05	PASS	98	0.0306	111	0.027	0.0288	0.0288	2.628e-05	1
AEX97_DV15014_AEX97_pool38.varscan_C8_AF1e-07_Q15	4	105272862	105272863	CA	-	exonic	TET2	frameshift deletion	TET2:NM_001127208:exon10:c.4481_4482del:p.S1494Cfs*9	.	.	PASS	177	0.0282	136	0.0368	0.0325	0.0325	NA	1
AEX109_DV01069_AEX109_Plate2_pool85.varscan_C8_AF1e-07_Q15	2	25241688	25241688	-	C	exonic	DNMT3A	frameshift insertion	DNMT3A:NM_001320893:exon12:c.1499_1500insG:p.D500Efs*16,DNMT3A:NM_001375819:exon12:c.1286_1287insG:p.D429Efs*16,DNMT3A:NM_153759:exon13:c.1388_1389insG:p.D463Efs*16,DNMT3A:NM_022552:exon17:c.1955_1956insG:p.D652Efs*16,DNMT3A:NM_175629:exon17:c.1955_1956insG:p.D652Efs*16	.	.	PASS	122	0.123	195	0.1231	0.12305	0.12304999999999999	NA	1
AEX109_DV02054_AEX109_Plate2_pool94.varscan_C8_AF1e-07_Q15	17	60663078	60663078	T	-	exonic	PPM1D	stopgain	PPM1D:NM_003620:exon6:c.1344delT:p.L450*	.	.	PASS	90	0.0333	90	0.0222	0.02775	0.027750000000000004	NA	1
AEX108_DV18069_AEX108_Plate1_pool13.varscan_C8_AF1e-07_Q15	4	105276167	105276167	-	A	exonic	TET2	frameshift insertion	TET2:NM_001127208:exon11:c.5658dupA:p.N1888Efs*4	.	.	PASS	31	0.1613	55	0.3091	0.2352	0.2352	NA	1
AEX108_DV38051_AEX108_Plate2_pool75.varscan_C8_AF1e-07_Q15	4	105237196	105237196	C	-	exonic	TET2	frameshift deletion	TET2:NM_001127208:exon3:c.3254delC:p.T1085Kfs*21,TET2:NM_017628:exon3:c.3254delC:p.T1085Kfs*21	.	.	PASS	110	0.2636	89	0.3933	0.32845	0.32845	NA	1
AEX108_DV20096_AEX108_Plate1_pool32.varscan_C8_AF1e-07_Q15	20	32433740	32433741	TG	-	exonic	ASXL1	frameshift deletion	ASXL1:NM_001363734:exon10:c.1359_1360del:p.V454Gfs*13,ASXL1:NM_015338:exon11:c.1542_1543del:p.V515Gfs*13	.	6.569e-06	PASS	78	0.4103	21	0.4286	0.41945	0.41945	6.569e-06	1
AEX108_DV27065_AEX108_Plate1_pool81.varscan_C8_AF1e-07_Q15	2	25239194	25239194	C	-	exonic	DNMT3A	frameshift deletion	DNMT3A:NM_001320893:exon15:c.1888delG:p.A630Pfs*20,DNMT3A:NM_001375819:exon15:c.1675delG:p.A559Pfs*20,DNMT3A:NM_153759:exon16:c.1777delG:p.A593Pfs*20,DNMT3A:NM_022552:exon20:c.2344delG:p.A782Pfs*20,DNMT3A:NM_175629:exon20:c.2344delG:p.A782Pfs*20	.	.	PASS	158	0.057	51	0.0588	0.0579	0.0579	NA	1
AEX109_DV58039_AEX109_Plate2_pool47.varscan_C8_AF1e-07_Q15	20	32434638	32434638	-	G	exonic	ASXL1	frameshift insertion	ASXL1:NM_001363734:exon11:c.1744dupG:p.G585Wfs*12,ASXL1:NM_015338:exon12:c.1927dupG:p.G646Wfs*12	ID=COSM1411076;OCCURENCE=1(large_intestine)	0.0006	PASS	80	0.0625	52	0.0769	0.0697	0.0697	0.0006	23
AEX109_DV59027_AEX109_Plate2_pool51.varscan_C8_AF1e-07_Q15	2	25248203	25248203	T	-	exonic	DNMT3A	frameshift deletion	DNMT3A:NM_001320893:exon2:c.233delA:p.N78Tfs*86,DNMT3A:NM_001375819:exon2:c.20delA:p.N7Tfs*86,DNMT3A:NM_153759:exon3:c.122delA:p.N41Tfs*86,DNMT3A:NM_022552:exon7:c.689delA:p.N230Tfs*86,DNMT3A:NM_175629:exon7:c.689delA:p.N230Tfs*86	.	.	PASS	301	0.0266	222	0.0405	0.03355	0.033549999999999996	NA	1
AEX109_DV58082_AEX109_Plate2_pool42.varscan_C8_AF1e-07_Q15	2	25244556	25244556	-	TCCGCACATGAGC	exonic	DNMT3A	frameshift insertion	DNMT3A:NM_001320893:exon9:c.1194_1195insGCTCATGTGCGGA:p.N399Afs*31,DNMT3A:NM_001375819:exon9:c.981_982insGCTCATGTGCGGA:p.N328Afs*31,DNMT3A:NM_153759:exon10:c.1083_1084insGCTCATGTGCGGA:p.N362Afs*31,DNMT3A:NM_022552:exon14:c.1650_1651insGCTCATGTGCGGA:p.N551Afs*31,DNMT3A:NM_175629:exon14:c.1650_1651insGCTCATGTGCGGA:p.N551Afs*31	.	.	PASS	143	0.021	103	0.0388	0.0299	0.029900000000000003	NA	1
AEX110_DV63028_AEX110_Plate2_pool04.varscan_C8_AF1e-07_Q15	4	105235085	105235085	-	TG	exonic	TET2	stopgain	TET2:NM_001127208:exon3:c.1143_1144insTG:p.K382*,TET2:NM_017628:exon3:c.1143_1144insTG:p.K382*	.	.	PASS	65	0.3077	133	0.3082999999999999	0.3079999999999999	0.30799999999999994	NA	1
AEX110_DV07023_AEX110_Plate1_pool39.varscan_C8_AF1e-07_Q15	17	60663183	60663183	T	-	exonic	PPM1D	stopgain	PPM1D:NM_003620:exon6:c.1449delT:p.L484*	.	0	PASS	81	0.2716	71	0.2394	0.2555	0.2555	0.0	1
AEX109_DV02052_AEX109_Plate2_pool92.varscan_C8_AF1e-07_Q15	4	105236331	105236331	-	TCGA	exonic	TET2	frameshift insertion	TET2:NM_001127208:exon3:c.2389_2390insTCGA:p.E798Dfs*5,TET2:NM_017628:exon3:c.2389_2390insTCGA:p.E798Dfs*5	.	.	PASS	47	0.1064	41	0.0487999999999999	0.0776	0.07759999999999995	NA	1
AEX108_DV19061_AEX108_Plate1_pool21.varscan_C8_AF1e-07_Q15	19	33301849	33301851	GGC	-	exonic	CEBPA	nonframeshift deletion	CEBPA:NM_001285829:exon1:c.207_209del:p.P70del,CEBPA:NM_001287424:exon1:c.669_671del:p.P224del,CEBPA:NM_001287435:exon1:c.522_524del:p.P175del,CEBPA:NM_004364:exon1:c.564_566del:p.P189del	.	2.702e-05	PASS	94	0.0426	69	0.0289999999999999	0.0358	0.03579999999999995	2.702e-05	24
AEX109_DV53002_AEX109_Plate2_pool02.varscan_C8_AF1e-07_Q15	20	32434638	32434638	-	G	exonic	ASXL1	frameshift insertion	ASXL1:NM_001363734:exon11:c.1744dupG:p.G585Wfs*12,ASXL1:NM_015338:exon12:c.1927dupG:p.G646Wfs*12	ID=COSM1411076;OCCURENCE=1(large_intestine)	0.0006	PASS	65	0.2153999999999999	41	0.1463	0.18085	0.18084999999999996	0.0006	23
AEX109_DV55005_AEX109_Plate2_pool21.varscan_C8_AF1e-07_Q15	4	105276088	105276088	G	-	exonic	TET2	frameshift deletion	TET2:NM_001127208:exon11:c.5578delG:p.G1861Efs*26	.	.	PASS	181	0.0220999999999999	76	0.0395	0.0308	0.030799999999999952	NA	1
AEX97_DV16036_AEX97_pool44.varscan_C8_AF1e-07_Q15	17	60663263	60663263	A	-	exonic	PPM1D	frameshift deletion	PPM1D:NM_003620:exon6:c.1529delA:p.N512Ifs*2	ID=COSM267241;OCCURENCE=1(large_intestine)	1.316e-05	PASS	82	0.061	106	0.0472	0.0540999999999999	0.054099999999999995	1.316e-05	1
AEX109_DV56068_AEX109_Plate2_pool28.varscan_C8_AF1e-07_Q15	19	33301849	33301851	GGC	-	exonic	CEBPA	nonframeshift deletion	CEBPA:NM_001285829:exon1:c.207_209del:p.P70del,CEBPA:NM_001287424:exon1:c.669_671del:p.P224del,CEBPA:NM_001287435:exon1:c.522_524del:p.P175del,CEBPA:NM_004364:exon1:c.564_566del:p.P189del	.	2.702e-05	PASS	40	0.075	31	0.0645	0.06975	0.06975	2.702e-05	24
AEX109_DV55043_AEX109_Plate2_pool19.varscan_C8_AF1e-07_Q15	4	105261788	105261788	C	-	exonic	TET2	frameshift deletion	TET2:NM_001127208:exon8:c.3984delC:p.L1329Cfs*34	.	.	PASS	87	0.023	61	0.0327999999999999	0.0278999999999999	0.02789999999999995	NA	1
AEX108_DV25037_AEX108_Plate1_pool69.varscan_C8_AF1e-07_Q15	20	32434638	32434638	-	G	exonic	ASXL1	frameshift insertion	ASXL1:NM_001363734:exon11:c.1744dupG:p.G585Wfs*12,ASXL1:NM_015338:exon12:c.1927dupG:p.G646Wfs*12	ID=COSM1411076;OCCURENCE=1(large_intestine)	0.0006	PASS	125	0.088	161	0.0932	0.0906	0.0906	0.0006	23
AEX108_DV32094_AEX108_Plate2_pool30.varscan_C8_AF1e-07_Q15	20	32434638	32434638	-	G	exonic	ASXL1	frameshift insertion	ASXL1:NM_001363734:exon11:c.1744dupG:p.G585Wfs*12,ASXL1:NM_015338:exon12:c.1927dupG:p.G646Wfs*12	ID=COSM1411076;OCCURENCE=1(large_intestine)	0.0006	PASS	225	0.04	41	0.0732	0.0566	0.0566	0.0006	23
AEX109_DV01036_AEX109_Plate2_pool84.varscan_C8_AF1e-07_Q15	19	33301849	33301851	GGC	-	exonic	CEBPA	nonframeshift deletion	CEBPA:NM_001285829:exon1:c.207_209del:p.P70del,CEBPA:NM_001287424:exon1:c.669_671del:p.P224del,CEBPA:NM_001287435:exon1:c.522_524del:p.P175del,CEBPA:NM_004364:exon1:c.564_566del:p.P189del	.	2.702e-05	PASS	20	0.1	49	0.0612	0.0806	0.0806	2.702e-05	24
AEX108_DV27091_AEX108_Plate1_pool83.varscan_C8_AF1e-07_Q15	17	60663005	60663005	A	-	exonic	PPM1D	frameshift deletion	PPM1D:NM_003620:exon6:c.1271delA:p.E424Gfs*7	.	.	PASS	149	0.047	70	0.0429	0.04495	0.044950000000000004	NA	1
AEX108_DV27091_AEX108_Plate1_pool83.varscan_C8_AF1e-07_Q15	17	60663366	60663366	C	-	exonic	PPM1D	stopgain	PPM1D:NM_003620:exon6:c.1632delC:p.L546*	.	.	PASS	433	0.1709	113	0.177	0.17395	0.17395	NA	1
AEX109_DV02003_AEX109_Plate2_pool91.varscan_C8_AF1e-07_Q15	4	105243740	105243740	C	-	exonic	TET2	stopgain	TET2:NM_001127208:exon6:c.3765delC:p.Y1255*	.	.	PASS	186	0.1183	127	0.1181	0.1182	0.1182	NA	2
AEX110_DV04041_AEX110_Plate1_pool09.varscan_C8_AF1e-07_Q15	19	33301849	33301851	GGC	-	exonic	CEBPA	nonframeshift deletion	CEBPA:NM_001285829:exon1:c.207_209del:p.P70del,CEBPA:NM_001287424:exon1:c.669_671del:p.P224del,CEBPA:NM_001287435:exon1:c.522_524del:p.P175del,CEBPA:NM_004364:exon1:c.564_566del:p.P189del	.	2.702e-05	PASS	74	0.027	44	0.0909	0.05895	0.058949999999999995	2.702e-05	24
AEX108_DV26091_AEX108_Plate1_pool75.varscan_C8_AF1e-07_Q15	20	32434638	32434638	-	G	exonic	ASXL1	frameshift insertion	ASXL1:NM_001363734:exon11:c.1744dupG:p.G585Wfs*12,ASXL1:NM_015338:exon12:c.1927dupG:p.G646Wfs*12	ID=COSM1411076;OCCURENCE=1(large_intestine)	0.0006	PASS	347	0.1036999999999999	107	0.0654	0.0845499999999999	0.08454999999999996	0.0006	23
AEX109_DV58030_AEX109_Plate2_pool46.varscan_C8_AF1e-07_Q15	2	25244207	25244211	TCCTC	-	exonic	DNMT3A	frameshift deletion	DNMT3A:NM_001320893:exon10:c.1339_1343del:p.E447Lfs*11,DNMT3A:NM_001375819:exon10:c.1126_1130del:p.E376Lfs*11,DNMT3A:NM_153759:exon11:c.1228_1232del:p.E410Lfs*11,DNMT3A:NM_022552:exon15:c.1795_1799del:p.E599Lfs*11,DNMT3A:NM_175629:exon15:c.1795_1799del:p.E599Lfs*11	.	.	PASS	70	0.0286	166	0.0301	0.02935	0.02935	NA	1
AEX110_DV03040_AEX110_Plate1_pool08.varscan_C8_AF1e-07_Q15	4	105235025	105235037	AGCTCCTGGTGGC	-	exonic	TET2	frameshift deletion	TET2:NM_001127208:exon3:c.1083_1095del:p.P363Lfs*5,TET2:NM_017628:exon3:c.1083_1095del:p.P363Lfs*5	.	.	PASS	68	0.25	96	0.3958	0.3228999999999999	0.32289999999999996	NA	1
AEX109_DV41039_AEX109_Plate1_pool07.varscan_C8_AF1e-07_Q15	2	25248124	25248124	G	-	exonic	DNMT3A	frameshift deletion	DNMT3A:NM_001320893:exon2:c.312delC:p.T105Lfs*59,DNMT3A:NM_001375819:exon2:c.99delC:p.T34Lfs*59,DNMT3A:NM_153759:exon3:c.201delC:p.T68Lfs*59,DNMT3A:NM_022552:exon7:c.768delC:p.T257Lfs*59,DNMT3A:NM_175629:exon7:c.768delC:p.T257Lfs*59	.	6.572e-06	PASS	125	0.04	54	0.037	0.0385	0.0385	6.572e-06	1
AEX109_DV60066_AEX109_Plate2_pool58.varscan_C8_AF1e-07_Q15	2	25246298	25246307	GATTCTTCTC	-	exonic	DNMT3A	frameshift deletion	DNMT3A:NM_001320893:exon6:c.826_835del:p.E276Pfs*220,DNMT3A:NM_001375819:exon6:c.613_622del:p.E205Pfs*220,DNMT3A:NM_153759:exon7:c.715_724del:p.E239Pfs*220,DNMT3A:NM_022552:exon11:c.1282_1291del:p.E428Pfs*220,DNMT3A:NM_175629:exon11:c.1282_1291del:p.E428Pfs*220	.	.	PASS	253	0.087	494	0.0729	0.07995	0.07995	NA	1
AEX97_DV15062_AEX97_pool38.varscan_C8_AF1e-07_Q15	4	105275932	105275933	AG	-	exonic	TET2	frameshift deletion	TET2:NM_001127208:exon11:c.5422_5423del:p.R1808Nfs*13	.	.	PASS	59	0.0508	93	0.0645	0.05765	0.05765	NA	1
AEX109_DV59032_AEX109_Plate2_pool56.varscan_C8_AF1e-07_Q15	2	25243968	25243968	-	C	exonic	DNMT3A	frameshift insertion	DNMT3A:NM_001320893:exon11:c.1409_1410insG:p.Y471Lfs*7,DNMT3A:NM_001375819:exon11:c.1196_1197insG:p.Y400Lfs*7,DNMT3A:NM_153759:exon12:c.1298_1299insG:p.Y434Lfs*7,DNMT3A:NM_022552:exon16:c.1865_1866insG:p.Y623Lfs*7,DNMT3A:NM_175629:exon16:c.1865_1866insG:p.Y623Lfs*7	.	.	PASS	89	0.0225	149	0.0200999999999999	0.0213	0.02129999999999995	NA	1
AEX97_DV16053_AEX97_pool45.varscan_C8_AF1e-07_Q15	19	33301849	33301851	GGC	-	exonic	CEBPA	nonframeshift deletion	CEBPA:NM_001285829:exon1:c.207_209del:p.P70del,CEBPA:NM_001287424:exon1:c.669_671del:p.P224del,CEBPA:NM_001287435:exon1:c.522_524del:p.P175del,CEBPA:NM_004364:exon1:c.564_566del:p.P189del	.	2.702e-05	PASS	24	0.0833	39	0.0513	0.0673	0.0673	2.702e-05	24
AEX97_DV16058_AEX97_pool42.varscan_C8_AF1e-07_Q15	4	105236227	105236227	-	C	exonic	TET2	frameshift insertion	TET2:NM_001127208:exon3:c.2286dupC:p.Q764Pfs*5,TET2:NM_017628:exon3:c.2286dupC:p.Q764Pfs*5	.	1.314e-05	PASS	53	0.1321	31	0.0968	0.11445	0.11445	1.314e-05	2
AEX109_DV55027_AEX109_Plate2_pool19.varscan_C8_AF1e-07_Q15	17	31343017	31343017	G	-	exonic	NF1	frameshift deletion	NF1:NM_000267:exon47:c.7008delG:p.E2337Kfs*38,NF1:NM_001042492:exon48:c.7071delG:p.E2358Kfs*38	.	.	PASS	305	0.223	177	0.2034	0.2132	0.2132	NA	1
AEX110_DV08090_AEX110_Plate1_pool42.varscan_C8_AF1e-07_Q15	2	25240359	25240360	AA	-	exonic	DNMT3A	stopgain	DNMT3A:NM_001320893:exon14:c.1808_1809del:p.F603*,DNMT3A:NM_001375819:exon14:c.1595_1596del:p.F532*,DNMT3A:NM_153759:exon15:c.1697_1698del:p.F566*,DNMT3A:NM_022552:exon19:c.2264_2265del:p.F755*,DNMT3A:NM_175629:exon19:c.2264_2265del:p.F755*	.	1.314e-05	PASS	65	0.0462	46	0.087	0.0665999999999999	0.06659999999999999	1.314e-05	1
AEX109_DV42078_AEX109_Plate1_pool14.varscan_C8_AF1e-07_Q15	X	15804161	15804161	G	-	exonic	ZRSR2	frameshift deletion	ZRSR2:NM_005089:exon5:c.363delG:p.E122Rfs*43	.	.	PASS	134	0.0224	121	0.0331	0.02775	0.027749999999999997	NA	1
AEX109_DV42078_AEX109_Plate1_pool14.varscan_C8_AF1e-07_Q15	X	15804163	15804163	A	-	exonic	ZRSR2	frameshift deletion	ZRSR2:NM_005089:exon5:c.365delA:p.E122Gfs*43	.	.	PASS	134	0.0299	121	0.0412999999999999	0.0356	0.03559999999999995	NA	1
